{"loss": [0.19880250096321106, 0.19920094311237335, 0.1936023235321045, 0.19213081896305084, 0.1907835304737091, 0.19244347512722015, 0.18902800977230072, 0.18749269843101501, 0.18842661380767822, 0.18830068409442902, 0.18910478055477142], "accuracy": [0.9249724745750427, 0.924271285533905, 0.925573468208313, 0.9283782243728638, 0.9281778931617737, 0.9262746572494507, 0.9290794134140015, 0.9303816556930542, 0.9298807978630066, 0.9333867430686951, 0.9296804666519165], "val_loss": [0.14038905501365662, 0.13412809371948242, 0.12676705420017242, 0.12574850022792816, 0.12183652073144913, 0.12149916589260101, 0.1296275109052658, 0.12163260579109192, 0.11950909346342087, 0.1204480454325676, 0.1193491593003273], "val_accuracy": [0.9523268938064575, 0.9602724313735962, 0.9653802514076233, 0.9659478068351746, 0.9670828580856323, 0.9659478068351746, 0.9625425934791565, 0.9682179093360901, 0.9682179093360901, 0.966515302658081, 0.9676504135131836]}